{"stats":{"minecraft:killed":{"minecraft:spider":1,"minecraft:skeleton":2,"minecraft:creeper":5,"minecraft:zombie":1},"minecraft:picked_up":{"minecraft:chain":1,"minecraft:dark_oak_trapdoor":1,"minecraft:moss_carpet":2,"minecraft:raw_copper":5,"minecraft:flint_and_steel":2,"minecraft:quartz_slab":4,"minecraft:sea_pickle":1,"minecraft:netherite_sword":1,"minecraft:dark_oak_leaves":3,"minecraft:poppy":2,"minecraft:quartz_stairs":3,"minecraft:dark_oak_sapling":1,"minecraft:quartz_pillar":2,"minecraft:diorite":2,"minecraft:vine":3,"minecraft:command_block":3,"minecraft:arrow":2,"minecraft:glowstone":1,"minecraft:iron_bars":2,"minecraft:cobblestone":632,"minecraft:water_bucket":5,"minecraft:chiseled_quartz_block":1,"minecraft:flint":3,"minecraft:lily_pad":2,"minecraft:cobblestone_wall":1,"minecraft:gunpowder":2,"minecraft:lapis_lazuli":2,"minecraft:lantern":18,"minecraft:raw_gold":6,"minecraft:mossy_stone_brick_wall":1,"minecraft:moss_block":2,"minecraft:chiseled_stone_bricks":1,"minecraft:stone_brick_slab":6,"minecraft:gravel":20,"minecraft:amethyst_shard":3,"minecraft:soul_torch":2,"minecraft:grass_block":1,"minecraft:lily_of_the_valley":1,"minecraft:dark_oak_log":2,"minecraft:mossy_stone_brick_slab":5,"minecraft:diamond":5,"minecraft:emerald":10,"minecraft:dark_oak_fence":2,"minecraft:smooth_quartz_slab":1,"minecraft:coal":4},"minecraft:crafted":{"minecraft:lily_of_the_valley":1},"minecraft:custom":{"minecraft:mob_kills":10,"minecraft:bell_ring":2,"minecraft:leave_game":15,"minecraft:time_since_death":1149361,"minecraft:climb_one_cm":39501,"minecraft:sprint_one_cm":604,"minecraft:walk_one_cm":1051620,"minecraft:drop":70,"minecraft:talked_to_villager":2,"minecraft:play_time":1149361,"minecraft:sneak_time":1337,"minecraft:walk_under_water_one_cm":80054,"minecraft:jump":2254,"minecraft:walk_on_water_one_cm":41017,"minecraft:total_world_time":1198853,"minecraft:traded_with_villager":1,"minecraft:time_since_rest":1149361,"minecraft:damage_dealt":1807,"minecraft:swim_one_cm":5292,"minecraft:fly_one_cm":2210226,"minecraft:open_chest":4,"minecraft:crouch_one_cm":260},"minecraft:dropped":{"minecraft:water_bucket":5,"minecraft:vine":4,"minecraft:moss_block":2,"minecraft:lapis_lazuli":2,"minecraft:diamond":5,"minecraft:lantern":3,"minecraft:command_block":3,"minecraft:quartz_pillar":2,"minecraft:grass_block":1,"minecraft:emerald":10,"minecraft:dark_oak_leaves":3,"minecraft:dark_oak_log":2,"minecraft:torch":1,"minecraft:dark_oak_fence":2,"minecraft:dark_oak_trapdoor":1,"minecraft:smooth_quartz_slab":1,"minecraft:chain":2,"minecraft:amethyst_shard":3,"minecraft:stone_brick_slab":6,"minecraft:moss_carpet":2,"minecraft:chiseled_quartz_block":1,"minecraft:cobblestone_wall":1,"minecraft:raw_copper":5,"minecraft:netherite_sword":1,"minecraft:mossy_stone_brick_slab":5,"minecraft:lightning_rod":1,"minecraft:flint_and_steel":2,"minecraft:lily_of_the_valley":1,"minecraft:chiseled_stone_bricks":1,"minecraft:mossy_stone_brick_wall":1,"minecraft:quartz_stairs":3,"minecraft:glowstone":1,"minecraft:iron_bars":2,"minecraft:raw_gold":6,"minecraft:quartz_slab":3},"minecraft:used":{"minecraft:moss_block":22,"minecraft:moss_carpet":132,"minecraft:netherite_sword":17,"minecraft:jungle_leaves":10,"minecraft:rose_bush":4,"minecraft:iron_bars":552,"minecraft:flint_and_steel":27,"minecraft:brain_coral_fan":2,"minecraft:smooth_quartz_slab":399,"minecraft:ladder":35,"minecraft:chest":1,"minecraft:quartz_stairs":180,"minecraft:bell":3,"minecraft:bubble_coral":8,"minecraft:mossy_stone_brick_slab":481,"minecraft:netherrack":22,"minecraft:tube_coral":10,"minecraft:soul_campfire":6,"minecraft:spruce_leaves":175,"minecraft:torch":2,"minecraft:lily_of_the_valley":9,"minecraft:ancient_debris":3,"minecraft:nether_quartz_ore":8,"minecraft:spruce_stairs":12,"minecraft:cobblestone_wall":82,"minecraft:crimson_hyphae":14,"minecraft:glow_lichen":217,"minecraft:weeping_vines":11,"minecraft:fern":1,"minecraft:shroomlight":6,"minecraft:glass":26,"minecraft:stone_brick_slab":666,"minecraft:sea_lantern":15,"minecraft:quartz_pillar":932,"minecraft:quartz_slab":682,"minecraft:oak_stairs":8,"minecraft:lantern":166,"minecraft:grass_block":51,"minecraft:blue_orchid":2,"minecraft:dark_oak_leaves":2016,"minecraft:tropical_fish_spawn_egg":10,"minecraft:smooth_quartz":648,"minecraft:crimson_roots":4,"minecraft:dark_oak_button":1,"minecraft:stone_brick_stairs":17,"minecraft:stone_bricks":64,"minecraft:glowstone":44,"minecraft:magma_block":4,"minecraft:horn_coral":7,"minecraft:podzol":10,"minecraft:fire_coral_fan":4,"minecraft:mossy_stone_brick_wall":146,"minecraft:seagrass":15,"minecraft:hanging_roots":48,"minecraft:calcite":21,"minecraft:quartz_bricks":15,"minecraft:mossy_stone_bricks":21,"minecraft:water_bucket":390,"minecraft:nether_brick_wall":11,"minecraft:amethyst_block":10,"minecraft:oak_planks":9,"minecraft:mossy_stone_brick_stairs":48,"minecraft:cracked_stone_bricks":64,"minecraft:brain_coral":2,"minecraft:dark_oak_trapdoor":3,"minecraft:vine":359,"minecraft:infested_chiseled_stone_bricks":30,"minecraft:oak_slab":48,"minecraft:tnt":31,"minecraft:red_mushroom":2,"minecraft:campfire":2,"minecraft:chiseled_quartz_block":76,"minecraft:fire_coral":6,"minecraft:stone_brick_wall":67,"minecraft:nether_gold_ore":4,"minecraft:spruce_log":247,"minecraft:dark_oak_door":1,"minecraft:mushroom_stem":3,"minecraft:lightning_rod":4,"minecraft:amethyst_cluster":2,"minecraft:oxeye_daisy":3,"minecraft:crying_obsidian":5,"minecraft:dark_oak_log":2548,"minecraft:command_block":3,"minecraft:cracked_nether_bricks":11,"minecraft:budding_amethyst":6,"minecraft:lilac":2,"minecraft:crimson_nylium":42,"minecraft:polished_andesite_slab":4,"minecraft:chiseled_stone_bricks":205,"minecraft:nether_wart_block":6,"minecraft:crimson_fungus":2,"minecraft:potion":16,"minecraft:dark_oak_fence":211,"minecraft:chain":330,"minecraft:glass_pane":4,"minecraft:mossy_cobblestone_wall":69,"minecraft:smooth_stone_slab":123,"minecraft:wither_rose":5,"minecraft:sea_pickle":5,"minecraft:soul_torch":10}},"DataVersion":2730}